{
	"level_name": "Downtown Redone",
	"scene_name": "dtredone",
	"sky_scene_name": "dtredone_Sky",
	"creator_name": "QwertUez",
	"level_qb": "levels\\dtredone\\dtredone.qb",
	"level_scripts_qb": "levels\\dtredone\\dtredone_scripts.qb",
	"level_sfx_qb": "levels\\dtredone\\dtredone_sfx.qb",
	"level_thugpro_qb": "levels\\dtredone\\dtredone_thugpro.qb",
	"level_pre": "dtredone_scripts.pre",
	"level_scnpre": "dtredonescn.pre",
	"level_colpre": "dtredonecol.pre",
	"ambient_rgba": [127, 127, 127, 63],
	"light0_rgba": [127, 127, 127, 63],
	"light1_rgba": [127, 127, 127, 63],
	"light0_position": [0.0, 0.0],
	"light1_position": [0.0, 0.0],
	"FLAG_OFFLINE": false,
	"FLAG_INDOOR": false,
	"FLAG_NOSUN": false,
	"FLAG_DEFAULT_SKY": true,
	"FLAG_ENABLE_WALLRIDE_HACK": true,
	"FLAG_DISABLE_BACKFACE_HACK": false,
	"FLAG_MODELS_IN_SCRIPT_PRX": false,
	"FLAG_DISABLE_GOALEDITOR": false,
	"FLAG_DISABLE_GOALATTACK": false,
	"FLAG_NO_PRX": false,
	"FLAG_IS_BIG_LEVEL": false,
}
